Abdul, Ahmed, Alex, Allard, Andre, Andrew, Angelique, Antenisca, 
Anthony, Arie, Arjan, Ayca, Bert, Carlo, Claudia, Daniel, Danny, 
Denise, Dennis, Ed, Eelco C, Eelco K, Eva, Ferdy, Ferry, Firoz, 
Fjodor, Frank B, Frank K, Frank B, Frans, Hans, Hans-Joris, Harry, Helga, 
Henk, Henry, Hester, Imme, Jaap, Jeroen B, Jeroen L, Joeri, Johanneke, Joost, 
Joy, Judith, Jurriaan, Karoy, Kees, Kenny, Linda, Lowie, Manuel, 
Marc, Marcel, Marcha, Marco, Marijn, Mario, Marjolein, Mark, Martijn B, 
Martijn D, Mascha, Maurice, Michael, Michel, Mike, Mirelle, 
Monika, Narin, Niels, Nynke, Olaf, Pascal, Patricia, Petra D, Petra S, 
Philip, Phillip, Rachid, Ralph, Ramona, Remco, Rene, Richard, 
Robert Jan, Robin, Rogier, Roy C, Roy M, Sake, Sjoerd, Sliman, Stefan, 
Teun, Tom, Vincent, Volkan, Wouter, Xander, Yoshua, Youri